PROJ_NUM,EMP_NUM,HOURS
15,103,23.8
15,101,19.4
15,105,35.7
15,106,12.6
15,102,23.8
18,114,24.6
18,118,45.3
18,104,32.4
18,112,44.0
22,105,64.7
22,104,48.4
22,113,23.6
22,111,22.0
22,106,12.8
25,107,24.6
25,115,45.8
25,101,56.3
25,114,33.1
25,108,23.6
25,118,30.5
25,112,41.4
